[
    {
        "pk": 1,
        "model": "core.application",
        "fields": {
            "category": "",
            "name": "",
            "auth_key": "52be06d0bc3d1f7e56e12df67d54e8b2",
            "locale": "",
            "created_at": "2011-08-16 15:11:37",
            "expires_at": "2011-12-01 18:56:34",
            "url": "",
            "valid": 1,
            "user": 2,
            "type": "04",
            "description": ""
        }
    },
    {
        "pk": 2,
        "model": "core.application",
        "fields": {
            "category": "",
            "name": "",
            "auth_key": "h3pq8z2eu84djqenbzik",
            "locale": "",
            "created_at": "2011-08-16 15:11:37",
            "expires_at": "2011-12-01 18:56:34",
            "url": "",
            "valid": 1,
            "user": 1,
            "type": "04",
            "description": ""
        }
    },
    {
        "pk": 1,
        "model": "core.account",
        "fields": {
            "name": "Account Name",
            "level": 1,
            "status": 1,
            "created_at": "2011-08-16 15:11:37",
            "expires_at": "2011-12-01 18:56:34"
        }
    },
    {
        "pk": 2,
        "model": "core.account",
        "fields": {
            "name": "Datos Gob",
            "level": 5,
            "status": 1,
            "created_at": "2011-08-16 15:11:37",
            "expires_at": "2011-12-01 18:56:34"
        }
    },
    {
        "pk": 1,
        "model": "core.user",
        "fields": {
            "name": "Andre Hess",
            "language": "en",
            "country": "CR",
            "created_at": "2010-03-02 11:39:35",
            "email": "andre.hess@junar.com",
            "nick": "betogess",
            "password": "1ee1877c6655ecc71dfead311c771bd0",
            "ocupation": "03",
            "account": 1
        }
    },
    {
        "pk": 2,
        "model": "core.user",
        "fields": {
            "name": "Just another user",
            "language": "en",
            "country": "US",
            "created_at": "2010-03-02 11:39:35",
            "email": "justanotheruser@organization.org",
            "nick": "justanotheruser",
            "password": "1ee1877c6655ecc71dfead311c771bd0",
            "ocupation": "03"
        }
    },
    {
        "pk": 1,
        "model": "core.category",
        "fields": {
            "account": 1
        }
    },
    {
        "pk": 1,
        "model": "core.categoryi18n",
        "fields": {
            "language": "en",
            "category": 1,
            "name": "category name",
            "slug": "category-slug",
            "description": "category description",
            "created_at": "2010-03-02 11:39:35"
        }
    },
    {
        "pk": 1,
        "model": "core.datastream",
        "fields": {
            "user": 1,
            "guid": "SPANI-LFP-TEAM-ON-FIRST",
            "is_private": 1
        }
    },
    {
        "pk": 1,
        "model": "core.datastreamrevision",
        "fields": {
            "datastream": 1,
            "dataset": 1,
            "user": 1,
            "category": 1,
            "data_source": "<dataSource/>",
            "select_statement": "<selectStatement/>",
            "status": 3,
            "meta_text": "",
            "created_at": "2010-03-02 11:39:35"
        }
    },
    {
        "pk": 1,
        "model": "core.datastreami18n",
        "fields": {
            "language": "en",
            "datastream_revision": 1,
            "title": "datastream title",
            "description": "datastream description",
            "notes": "datastream notes",
            "created_at": "2010-03-02 11:39:35"
        }
    },
    {
        "pk": 1,
        "model": "core.dataset",
        "fields": {
            "user": 1,
            "type": 0
        }
    },
    {
        "pk": 1,
        "model": "core.datasetrevision",
        "fields": {
            "user": 1,
            "dataset": 1,
            "user": 1,
            "category": 1,
            "end_point": "dataset end_point",
            "filename": "filename",
            "impl_type": 0,
            "status": 3,
            "size": 0,
            "created_at": "2010-03-02 11:39:35"
        }
    },
    {
        "pk": 1,
        "model": "core.dataseti18n",
        "fields": {
            "language": "en",
            "dataset_revision": 1,
            "title": "dataset title",
            "description": "dataset description",
            "created_at": "2010-03-02 11:39:35"
        }
    },
    {
        "pk": 2,
        "model": "core.datastream",
        "fields": {
            "user": 1,
            "guid": "PRIVATE-DS",
            "is_private": 1
        }
    },
    {
        "pk": 2,
        "model": "core.datastreamrevision",
        "fields": {
            "datastream": 2,
            "dataset": 1,
            "user": 1,
            "category": 1,
            "data_source": "<dataSource/>",
            "select_statement": "<selectStatement/>",
            "status": 3,
            "meta_text": "",
            "created_at": "2010-03-02 11:39:35"
        }
    },
    {
        "pk": 2,
        "model": "core.datastreami18n",
        "fields": {
            "language": "en",
            "datastream_revision": 2,
            "title": "private datastream title",
            "description": "private datastream description",
            "notes": "private datastream notes",
            "created_at": "2010-03-02 11:39:35"
        }
    },
    {
        "pk": 3,
        "model": "core.datastream",
        "fields": {
            "user": 1,
            "guid": "LIMA-STOCK-MARKE-VOLUM"
        }
    },
    {
        "pk": 3,
        "model": "core.datastreamrevision",
        "fields": {
            "datastream": 3,
            "dataset": 3,
            "user": 1,
            "category": 1,
            "data_source": "<dataSource/>",
            "select_statement": "<selectStatement/>",
            "status": 3,
            "meta_text": "",
            "created_at": "2010-03-02 11:39:35"
        }
    },
    {
        "pk": 3,
        "model": "core.datastreami18n",
        "fields": {
            "language": "en",
            "datastream_revision": 3,
            "title": "datastream title",
            "description": "datastream description",
            "notes": "datastream notes",
            "created_at": "2010-03-02 11:39:35"
        }
    },
    {
        "pk": 4,
        "model": "core.datastream",
        "fields": {
            "user": 1,
            "guid": "ACCOU-DATAS"
        }
    },
    {
        "pk": 4,
        "model": "core.datastreamrevision",
        "fields": {
            "datastream": 4,
            "dataset": 3,
            "user": 1,
            "category": 1,
            "data_source": "<dataSource/>",
            "select_statement": "<selectStatement/>",
            "status": 3,
            "meta_text": "",
            "created_at": "2010-03-02 11:39:35"
        }
    },
    {
        "pk": 4,
        "model": "core.datastreami18n",
        "fields": {
            "language": "en",
            "datastream_revision": 4,
            "title": "datastream title",
            "description": "datastream description",
            "notes": "datastream notes",
            "created_at": "2010-03-02 11:39:35"
        }
    },
    {
        "pk": 3,
        "model": "core.dataset",
        "fields": {
            "user": 1,
            "type": 0
        }
    },
    {
        "pk": 3,
        "model": "core.datasetrevision",
        "fields": {
            "user": 1,
            "dataset": 3,
            "user": 3,
            "category": 1,
            "end_point": "dataset end_point",
            "filename": "filename",
            "impl_type": 0,
            "status": 3,
            "size": 0,
            "created_at": "2010-03-02 11:39:35"
        }
    },
    {
        "pk": 3,
        "model": "core.dataseti18n",
        "fields": {
            "language": "en",
            "dataset_revision": 3,
            "title": "dataset title",
            "description": "dataset description",
            "created_at": "2010-03-02 11:39:35"
        }
    },
    {
        "pk": 1,
        "model": "core.datastreamparameter",
        "fields": {
            "datastream_revision": 3,
            "name": "parameter name",
            "position": 0,
            "impl_details": "",
            "description": "dataset description"
        }
    },
    {
        "pk": 1,
        "model": "core.dashboard",
        "fields": {
            "user": 1,
            "guid": "DASHB-DIEGO-GENER-SOME-GENER"
        }
    },
    {
        "pk": 1,
        "model": "core.dashboardrevision",
        "fields": {
            "dashboard": 1,
            "user": 1,
            "category": 1,
            "status": 3,
            "created_at": "2010-03-02 11:39:35"
        }
    },
    {
        "pk": 1,
        "model": "core.dashboardi18n",
        "fields": {
            "language": "en",
            "dashboard_revision": 1,
            "title": "dashboard title",
            "description": "dashboard description",
            "created_at": "2010-03-02 11:39:35"
        }
    },
    {
        "pk": 2,
        "model": "core.dashboard",
        "fields": {
            "user": 1,
            "guid": "TOP-OF-SPORT-FOLLO-THE",
            "is_private": 1
        }
    },
    {
        "pk": 2,
        "model": "core.dashboardrevision",
        "fields": {
            "dashboard": 2,
            "user": 1,
            "category": 1,
            "status": 3,
            "created_at": "2010-03-02 11:39:35"
        }
    },
    {
        "pk": 2,
        "model": "core.dashboardi18n",
        "fields": {
            "language": "en",
            "dashboard_revision": 2,
            "title": "private dashboard title",
            "description": "private dashboard description",
            "created_at": "2010-03-02 11:39:35"
        }
    },
    {
        "pk": 1,
        "model": "core.privilege",
        "fields": {
            "name": "private_datastream.can_use",
            "code": "private_datastream.can_use",
            "description": "private ds can use",
            "created_at": "2011-08-16 15:11:37"
        }
    },
    {
        "pk": 2,
        "model": "core.privilege",
        "fields": {
            "name": "private_dashboard.can_use",
            "code": "private_dashboard.can_use",
            "description": "private db can use",
            "created_at": "2011-08-16 15:11:37"
        }
    },
    {
        "pk": 1,
        "model": "core.preference",
        "fields": {
            "account": 1,
            "key": "account.api.domain",
            "value": "api.domain.com"
        }
    },
    {
        "pk": 1,
        "model": "core.threshold",
        "fields": {
            "description": "",
            "limit": 10,
            "name": "api.account_monthly_calls",
            "account": 1
        }
    },
    {
        "pk": 2,
        "model": "core.threshold",
        "fields": {
            "description": "",
            "limit": 10000,
            "name": "api.account_monthly_calls",
            "account": 2
        }
    },
    {
        "pk": 2,
        "model": "core.preference",
        "fields": {
            "account": 2,
            "key": "account.api.domain",
            "value": "junarapi"
        }
    },
    {
        "pk": 1,
        "model": "core.dashboardwidget",
        "fields": {
            "order": 0,
            "dashboard_revision": 1,
            "datastream": 1
        }
    }
]
